[{
    "id":1,
    "title":"item-1",
    "amount":200,
    "type":"products",
    "date":"12-03-2003"
},
{
    "id":2,
    "title":"item-2",
    "amount":300,
    "type":"abcd",
    "date":"13-05-2004"
},
{
    "id":3,
    "title":"item-3",
    "amount":3000,
    "type":"gif",
    "date":"13-11-2017"
},
{
    "id":4,
    "title":"item-4",
    "amount":400,
    "type":"akhkj",
    "date":"18-7-2017"
},
{
    "id":5,
    "title":"item-5",
    "amount":500,
    "type":"jkjd",
    "date":"17-06-2023"
},
{
    "id":6,
    "title":"item-6",
    "amount":200,
    "type":"age",
    "date":"09-08-2023"
},
{
    "id":7,
    "title":"item-7",
    "amount":800,
    "type":"hjh",
    "date":"02-12-2013"
},
{
    "id":8,
    "title":"item-8",
    "amount":2000,
    "type":"jhjhb",
    "date":"01-11-2017"
},
{
    "id":9,
    "title":"item-9",
    "amount":1200,
    "type":"hjhjh",
    "date":"12-12-2019"
},
{
    "id":10,
    "title":"item-10",
    "amount":2500,
    "type":"kjh",
    "date":"12-01-2001"
},
{
    "id":11,
    "title":"item-1",
    "amount":2000,
    "type":"nhjb",
    "date":"17-02-2003"
}]